outcome,att_overall_post,se_overall_post,z,att_pretrends_avg,se_pretrends_avg,z_pretrends,n_post_cells,n_pre_cells
firearm_homicide_rate,0.2862326494282107,0.11478925278055835,2.4935491999011377,-0.10459458132809524,0.0767583499734359,-1.3626475994376213,62,36
firearm_suicide_rate,0.8551731107363548,0.06259783688185706,13.66138437579482,-0.2797320054929157,0.07801788287837745,-3.5854857267658957,62,36
homicide_rate,-0.1482977781652641,0.0727611536213154,-2.038144954890053,-0.03540402206969166,0.09593964061008042,-0.36902391800258366,62,36
motor_vehicle_theft_rate,-39.42435518629425,4.298955804844806,-9.170681666897826,15.621783872080496,3.205763091659799,4.873031295644571,62,36
