outcome,spec,att_overall_post,se_overall_post,z,att_pretrends_avg,se_pretrends_avg,z_pretrends,n_post_cells,n_pre_cells
firearm_homicide_rate,or,0.2862326494282107,0.11478925278055835,2.4935491999011377,-0.10459458132809524,0.0767583499734359,-1.3626475994376213,62,36
firearm_homicide_rate,ra,-0.0033726812537056474,0.06339460273135146,-0.05320139425745949,0.33549940180550686,0.04407146349588535,7.612622209308527,62,36
firearm_suicide_rate,or,0.8551731107363548,0.06259783688185706,13.66138437579482,-0.2797320054929157,0.07801788287837745,-3.5854857267658957,62,36
firearm_suicide_rate,ra,0.6348897647310934,0.03872169386902178,16.39622912361846,-0.04358172255364656,0.050583190763632165,-0.8615850818367224,62,36
homicide_rate,or,-0.1482977781652641,0.0727611536213154,-2.038144954890053,-0.03540402206969166,0.09593964061008042,-0.36902391800258366,62,36
homicide_rate,ra,-0.4679349288703943,0.05940875045889041,-7.876532080811821,0.3477525869136223,0.056048595487249935,6.2044835181058176,62,36
motor_vehicle_theft_rate,or,-39.42435518629425,4.298955804844806,-9.170681666897826,15.621783872080496,3.205763091659799,4.873031295644571,62,36
motor_vehicle_theft_rate,ra,-54.23926834746134,3.085885160962322,-17.576567343986003,24.675310798915167,2.7331070353239086,9.02830020193147,62,36
